,Image Index,Finding Labels,Follow-up #,Patient ID,Patient Age,Patient Gender,View Position,OriginalImage[Width,Height],OriginalImagePixelSpacing[x,y]
65783,00016239_002.png,No Finding,1,16239,44,F,PA,2538,2991,0.143,0.143
72266,00017794_000.png,No Finding,0,17794,32,F,PA,2021,2021,0.1943109999999999,0.1943109999999999
96078,00025278_000.png,No Finding,0,25278,70,F,PA,1741,2021,0.1943109999999999,0.1943109999999999
108052,00029237_001.png,No Finding,1,29237,55,M,PA,2021,2021,0.1943109999999999,0.1943109999999999
